[
  {
    "GalleryId": 1,
    "GalleryName": "Micro Mouse",
    "GalleyDate": "12-10-2024",
    "GalleyDescription": "An Event organised by Sparkonics",
    "GalleryImageBanner": "/api/image/5",
    "GalleryDomain": "Embedded&C&Sensors",
    "GalleryParticipants": "30",
    "GalleyImagesUrl": "/api/images/1&/api/images/2&/api/image/3&/api/image/4",
    "GalleyImageDescription": "winner1&winner2&team&presentation"
  },
  {
    "GalleryId": 2,
    "GalleryName": "Robo Race",
    "GalleyDate": "15-11-2024",
    "GalleyDescription": "Exciting robotic race event",
    "GalleryImageBanner": "/api/image/10",
    "GalleryDomain": "Robotics&AI",
    "GalleryParticipants": "45",
    "GalleyImagesUrl": "/api/images/5&/api/images/6",
    "GalleyImageDescription": "robots_ready&finish_line"
  },
  {
    "GalleryId": 3,
    "GalleryName": "Line Follower Challenge",
    "GalleyDate": "22-09-2024",
    "GalleyDescription": "Students showcase their line-following bots",
    "GalleryImageBanner": "/api/image/12",
    "GalleryDomain": "Automation&Mechatronics",
    "GalleryParticipants": "25",
    "GalleyImagesUrl": "/api/images/7&/api/images/8&/api/image/9",
    "GalleyImageDescription": "bot_setup&track_view&celebration"
  },
  {
    "GalleryId": 4,
    "GalleryName": "IoT Innovation Expo",
    "GalleyDate": "18-10-2024",
    "GalleyDescription": "Showcasing Internet of Things projects",
    "GalleryImageBanner": "/api/image/13",
    "GalleryDomain": "IoT&SmartTech",
    "GalleryParticipants": "50",
    "GalleyImagesUrl": "/api/images/10&/api/images/11&/api/image/12&/api/image/13&/api/image/14",
    "GalleyImageDescription": "iot_display&students_demo&judging&networking&awards"
  },
  {
    "GalleryId": 5,
    "GalleryName": "Drone Warfare Simulation",
    "GalleyDate": "05-11-2024",
    "GalleyDescription": "Drone flying and strategy simulation",
    "GalleryImageBanner": "/api/image/14",
    "GalleryDomain": "Aerospace&Drones",
    "GalleryParticipants": "35",
    "GalleyImagesUrl": "/api/images/15&/api/images/16&/api/image/17&/api/image/18",
    "GalleyImageDescription": "drone_launch&flying_zone&mid_air_shot&top_view"
  },
  {
    "GalleryId": 6,
    "GalleryName": "Sensor Application Lab",
    "GalleyDate": "28-09-2024",
    "GalleyDescription": "Sensor-based experiments and applications",
    "GalleryImageBanner": "/api/image/16",
    "GalleryDomain": "Sensors&DataAcquisition",
    "GalleryParticipants": "40",
    "GalleyImagesUrl": "/api/images/19&/api/images/20&/api/image/21",
    "GalleyImageDescription": "sensor_setup&demo_day&final_result"
  },
  {
    "GalleryId": 7,
    "GalleryName": "Circuit Debugging Contest",
    "GalleyDate": "10-12-2024",
    "GalleyDescription": "Contest focused on identifying and fixing circuit issues",
    "GalleryImageBanner": "/api/image/20",
    "GalleryDomain": "Electronics&Testing",
    "GalleryParticipants": "38",
    "GalleyImagesUrl": "/api/images/22&/api/images/23",
    "GalleyImageDescription": "debugging_phase&final_scores"
  }
]
