[
  {
    "OppId": 101,
    "OppName": "National IoT Challenge 2025",
    "OppDesc": "A national-level competition to develop smart IoT solutions for urban sustainability.",
    "OppLink": "https://iotchallenge.in/apply",
    "OppDomain": "IoT",
    "OppValidFrom": "2025-08-01",
    "OppValidEnd": "2025-08-15",
    "OppCreatedAt": "2025-07-20",
    "OppEligibility": "UG and PG students in engineering and computer science.",
    "OppOrganiser": "Tech Council of India",
    "OppApplicationProcedure": "Register online, submit proposal, and prepare demo.",
    "OppLocation": "Delhi, India",
    "OppType": "Competition"
  },
  {
    "OppId": 102,
    "OppName": "Summer Research Internship 2025 - IISc",
    "OppDesc": "8-week research internship under a faculty mentor at IISc Bangalore.",
    "OppLink": "https://iisc.ac.in/summer-internship",
    "OppDomain": "Machine Learning",
    "OppValidFrom": "2025-05-01",
    "OppValidEnd": "2025-06-30",
    "OppCreatedAt": "2025-07-10",
    "OppEligibility": "3rd or 4th year UG students in CS/EE/Maths.",
    "OppOrganiser": "IISc Bangalore",
    "OppApplicationProcedure": "Fill online form, upload resume and SOP.",
    "OppLocation": "Bangalore, India",
    "OppType": "Internship"
  },
  {
    "OppId": 103,
    "OppName": "AI for Healthcare Workshop",
    "OppDesc": "Hands-on workshop on using AI and data science in healthcare applications.",
    "OppLink": "https://healthaiworkshop.com/register",
    "OppDomain": "AI",
    "OppValidFrom": "2025-09-10",
    "OppValidEnd": "2025-09-12",
    "OppCreatedAt": "2025-07-15",
    "OppEligibility": "Open to UG, PG students and early professionals.",
    "OppOrganiser": "NASSCOM + AI Labs",
    "OppApplicationProcedure": "Register via website and pay fees.",
    "OppLocation": "Mumbai, India",
    "OppType": "Workshop"
  },
  {
    "OppId": 104,
    "OppName": "Google Developer Student Clubs Lead 2025",
    "OppDesc": "Opportunity to become a GDSC lead and host tech events at your campus.",
    "OppLink": "https://developers.google.com/community/gdsc/leads",
    "OppDomain": "Software Development",
    "OppValidFrom": "2025-03-01",
    "OppValidEnd": "2025-03-31",
    "OppCreatedAt": "2025-02-01",
    "OppEligibility": "Full-time UG students graduating in 2026 or later.",
    "OppOrganiser": "Google Developers",
    "OppApplicationProcedure": "Fill application, submit resume and video pitch.",
    "OppLocation": "Remote",
    "OppType": "Leadership Program"
  },
  {
    "OppId": 105,
    "OppName": "Cisco Cybersecurity Challenge",
    "OppDesc": "National challenge to solve real-world security problems.",
    "OppLink": "https://cisco.com/cyberchallenge",
    "OppDomain": "Cybersecurity",
    "OppValidFrom": "2025-10-05",
    "OppValidEnd": "2025-10-10",
    "OppCreatedAt": "2025-07-01",
    "OppEligibility": "Open to all students in CS and IT fields.",
    "OppOrganiser": "Cisco India",
    "OppApplicationProcedure": "Online test and case study submission.",
    "OppLocation": "Online",
    "OppType": "Hackathon"
  },
  {
    "OppId": 106,
    "OppName": "IIT Patna Research Associate Program",
    "OppDesc": "One-year research assistantship under IIT Patna professors.",
    "OppLink": "https://iitp.ac.in/ra-program",
    "OppDomain": "Embedded Systems",
    "OppValidFrom": "2025-07-01",
    "OppValidEnd": "2025-07-31",
    "OppCreatedAt": "2025-06-15",
    "OppEligibility": "Final-year BTech or MTech students.",
    "OppOrganiser": "IIT Patna",
    "OppApplicationProcedure": "Submit CV, cover letter and faculty reference.",
    "OppLocation": "Patna, India",
    "OppType": "Fellowship"
  },
  {
    "OppId": 107,
    "OppName": "TCS CodeVita 2025",
    "OppDesc": "Global coding competition with cash prizes and job offers.",
    "OppLink": "https://www.tcscodevita.com/",
    "OppDomain": "Programming",
    "OppValidFrom": "2025-08-15",
    "OppValidEnd": "2025-09-15",
    "OppCreatedAt": "2025-07-01",
    "OppEligibility": "Open to students from all streams.",
    "OppOrganiser": "Tata Consultancy Services",
    "OppApplicationProcedure": "Register and take online rounds.",
    "OppLocation": "Online",
    "OppType": "Competition"
  },
  {
    "OppId": 108,
    "OppName": "Intel Edge AI Scholarship",
    "OppDesc": "A scholarship to learn and build AI solutions using Intel’s edge devices.",
    "OppLink": "https://intel.com/edgeai/scholarship",
    "OppDomain": "Edge Computing",
    "OppValidFrom": "2025-08-01",
    "OppValidEnd": "2025-09-01",
    "OppCreatedAt": "2025-07-10",
    "OppEligibility": "Open to UG/PG students with programming background.",
    "OppOrganiser": "Intel AI Academy",
    "OppApplicationProcedure": "Fill application, complete a quiz.",
    "OppLocation": "Remote",
    "OppType": "Scholarship"
  },
  {
    "OppId": 109,
    "OppName": "NASA Space Apps Challenge 2025",
    "OppDesc": "Join the world’s largest hackathon focused on space and earth data.",
    "OppLink": "https://spaceappschallenge.org/",
    "OppDomain": "Aerospace & Data Science",
    "OppValidFrom": "2025-10-15",
    "OppValidEnd": "2025-10-17",
    "OppCreatedAt": "2025-07-05",
    "OppEligibility": "Open to students and professionals globally.",
    "OppOrganiser": "NASA",
    "OppApplicationProcedure": "Register and choose a challenge theme.",
    "OppLocation": "Global (Hybrid)",
    "OppType": "Hackathon"
  },
  {
    "OppId": 110,
    "OppName": "IIT Madras Summer School",
    "OppDesc": "2-week intensive course on Robotics and Control Systems.",
    "OppLink": "https://iitm.ac.in/summerschool",
    "OppDomain": "Robotics",
    "OppValidFrom": "2025-06-10",
    "OppValidEnd": "2025-06-24",
    "OppCreatedAt": "2025-04-15",
    "OppEligibility": "Students from 2nd/3rd year of engineering.",
    "OppOrganiser": "IIT Madras",
    "OppApplicationProcedure": "Apply online with transcript and statement of interest.",
    "OppLocation": "Chennai, India",
    "OppType": "Summer School"
  },
  {
    "OppId": 111,
    "OppName": "IEEE Paper Presentation Contest",
    "OppDesc": "Present your technical paper and win IEEE certification and cash prizes.",
    "OppLink": "https://ieee.org/events/paper2025",
    "OppDomain": "Electrical & Electronics",
    "OppValidFrom": "2025-11-01",
    "OppValidEnd": "2025-11-05",
    "OppCreatedAt": "2025-07-18",
    "OppEligibility": "Open to IEEE student members only.",
    "OppOrganiser": "IEEE India Chapter",
    "OppApplicationProcedure": "Submit paper abstract by deadline.",
    "OppLocation": "Bangalore, India",
    "OppType": "Conference"
  },
  {
    "OppId": 112,
    "OppName": "ISRO Student Innovation Program",
    "OppDesc": "Work on satellite simulation tools and space technology projects.",
    "OppLink": "https://isro.gov.in/sip2025",
    "OppDomain": "Space Technology",
    "OppValidFrom": "2025-12-01",
    "OppValidEnd": "2026-01-15",
    "OppCreatedAt": "2025-07-19",
    "OppEligibility": "Students from aerospace, mechanical, CS streams.",
    "OppOrganiser": "ISRO",
    "OppApplicationProcedure": "Submit proposal + faculty recommendation.",
    "OppLocation": "ISRO Centers (In-person)",
    "OppType": "Research Internship"
  }
]
