[
  {
    "MemName": "John Doe",
    "MemPosition": "Coordinator",
    "MemRole": "Events Management",
    "MemStartTime": "2024",
    "MemEndTime": "2025",
    "MemImageUrl": "/api/images/1",
    "MemLinkedin": "https://linkedin.com/in/johndoe"
  },
  {
    "MemName": "Jane Smith",
    "MemPosition": "Coordinator",
    "MemRole": "Sponsorship",
    "MemStartTime": "2024",
    "MemEndTime": "2025",
    "MemImageUrl": "/api/images/2",
    "MemLinkedin": "https://linkedin.com/in/janesmith"
  },
  {
    "MemName": "Alice Johnson",
    "MemPosition": "SubCoordinator",
    "MemRole": "Media",
    "MemStartTime": "2024",
    "MemEndTime": "2025",
    "MemImageUrl": "/api/images/3",
    "MemLinkedin": "https://linkedin.com/in/alicejohnson"
  },
  {
    "MemName": "Bob Brown",
    "MemPosition": "SubCoordinator",
    "MemRole": "Marketing",
    "MemStartTime": "2024",
    "MemEndTime": "2025",
    "MemImageUrl": "/api/images/4",
    "MemLinkedin": "https://linkedin.com/in/bobbrown"
  },
  {
    "MemName": "Charlie Davis",
    "MemPosition": "SubCoordinator",
    "MemRole": "Logistics",
    "MemStartTime": "2024",
    "MemEndTime": "2025",
    "MemImageUrl": "/api/images/5",
    "MemLinkedin": "https://linkedin.com/in/charliedavis"
  },
  {
    "MemName": "Diana Wilson",
    "MemPosition": "SubCoordinator",
    "MemRole": "Media",
    "MemStartTime": "2024",
    "MemEndTime": "2025",
    "MemImageUrl": "/api/images/6",
    "MemLinkedin": "https://linkedin.com/in/dianawilson"
  },
  {
    "MemName": "Edward Clark",
    "MemPosition": "SubCoordinator",
    "MemRole": "Sponsorship",
    "MemStartTime": "2024",
    "MemEndTime": "2025",
    "MemImageUrl": "/api/images/7",
    "MemLinkedin": "https://linkedin.com/in/edwardclark"
  },
  {
    "MemName": "Fiona Lee",
    "MemPosition": "SubCoordinator",
    "MemRole": "Operations",
    "MemStartTime": "2024",
    "MemEndTime": "2025",
    "MemImageUrl": "/api/images/8",
    "MemLinkedin": "https://linkedin.com/in/fionalee"
  },
  {
    "MemName": "liona Lee",
    "MemPosition": "Coordinator",
    "MemRole": "Media",
    "MemStartTime": "2024",
    "MemEndTime": "2025",
    "MemImageUrl": "/api/images/9",
    "MemLinkedin": "https://linkedin.com/in/lionalee"
  },
  {
    "MemName": "Spito Lee",
    "MemPosition": "Coordinator",
    "MemRole": "Sponsorship",
    "MemStartTime": "2024",
    "MemEndTime": "2025",
    "MemImageUrl": "/api/images/10",
    "MemLinkedin": "https://linkedin.com/in/spitolee"
  },
  {
    "MemName": "John Doe",
    "MemPosition": "Coordinator",
    "MemRole": "Events Management",
    "MemStartTime": "2025",
    "MemEndTime": "2026",
    "MemImageUrl": "/api/images/1",
    "MemLinkedin": "https://linkedin.com/in/johndoe"
  },
  {
    "MemName": "Jane Smith",
    "MemPosition": "Coordinator",
    "MemRole": "Sponsorship",
    "MemStartTime": "2025",
    "MemEndTime": "2026",
    "MemImageUrl": "/api/images/2",
    "MemLinkedin": "https://linkedin.com/in/janesmith"
  },
  {
    "MemName": "Alice Johnson",
    "MemPosition": "SubCoordinator",
    "MemRole": "Media",
    "MemStartTime": "2025",
    "MemEndTime": "2026",
    "MemImageUrl": "/api/images/3",
    "MemLinkedin": "https://linkedin.com/in/alicejohnson"
  },
  {
    "MemName": "Bob Brown",
    "MemPosition": "SubCoordinator",
    "MemRole": "Marketing",
    "MemStartTime": "2025",
    "MemEndTime": "2026",
    "MemImageUrl": "/api/images/4",
    "MemLinkedin": "https://linkedin.com/in/bobbrown"
  },
  {
    "MemName": "Charlie Davis",
    "MemPosition": "SubCoordinator",
    "MemRole": "Logistics",
    "MemStartTime": "2025",
    "MemEndTime": "2026",
    "MemImageUrl": "/api/images/5",
    "MemLinkedin": "https://linkedin.com/in/charliedavis"
  },
  {
    "MemName": "Diana Wilson",
    "MemPosition": "SubCoordinator",
    "MemRole": "Media",
    "MemStartTime": "2025",
    "MemEndTime": "2026",
    "MemImageUrl": "/api/images/6",
    "MemLinkedin": "https://linkedin.com/in/dianawilson"
  },
  {
    "MemName": "Edward Clark",
    "MemPosition": "SubCoordinator",
    "MemRole": "Sponsorship",
    "MemStartTime": "2025",
    "MemEndTime": "2026",
    "MemImageUrl": "/api/images/7",
    "MemLinkedin": "https://linkedin.com/in/edwardclark"
  },
  {
    "MemName": "Fiona Lee",
    "MemPosition": "SubCoordinator",
    "MemRole": "Operations",
    "MemStartTime": "2025",
    "MemEndTime": "2026",
    "MemImageUrl": "/api/images/8",
    "MemLinkedin": "https://linkedin.com/in/fionalee"
  },
  {
    "MemName": "liona Lee",
    "MemPosition": "Coordinator",
    "MemRole": "Media",
    "MemStartTime": "2025",
    "MemEndTime": "2026",
    "MemImageUrl": "/api/images/9",
    "MemLinkedin": "https://linkedin.com/in/lionalee"
  },
  {
    "MemName": "Spito Lee",
    "MemPosition": "Coordinator",
    "MemRole": "Sponsorship",
    "MemStartTime": "2025",
    "MemEndTime": "2026",
    "MemImageUrl": "/api/images/10",
    "MemLinkedin": "https://linkedin.com/in/spitolee"
  }
]
